y_true,y_pred,y_proba
1,1,0.8737798
0,0,0.14609312
0,1,0.75886095
0,0,0.14823458
0,0,0.41333097
0,0,0.23233028
1,1,0.7656568
1,1,0.82180315
1,0,0.36948913
0,0,0.3290034
0,0,0.15053616
0,0,0.49197692
0,0,0.29087517
1,0,0.35844466
0,0,0.14335372
0,0,0.21558867
1,1,0.8129168
1,1,0.81918573
0,0,0.17161398
0,1,0.61713386
1,1,0.8090042
1,1,0.78467757
0,0,0.32017466
1,1,0.7154352
1,1,0.6348057
1,1,0.54588306
0,0,0.14669935
1,1,0.7527154
0,0,0.20844328
0,0,0.33343977
1,1,0.5852592
