y_true,y_pred,y_proba
1,1,0.76428604
0,0,0.23437208
0,1,0.6769447
0,0,0.22109622
0,0,0.44452184
0,0,0.26149815
1,1,0.6577409
1,1,0.71249205
1,0,0.32922274
0,0,0.35926718
0,0,0.21041107
0,0,0.47539985
0,0,0.35498634
1,0,0.4069742
0,0,0.20846425
0,0,0.28172722
1,1,0.7021232
1,1,0.7280207
0,0,0.24027716
0,1,0.6057872
1,1,0.6849306
1,1,0.6581618
0,0,0.37838438
1,1,0.6509685
1,1,0.55344
1,1,0.5015248
0,0,0.21280012
1,1,0.62709486
0,0,0.25174883
0,0,0.37822375
1,1,0.5512816
